Step,AgentID,Wealth
0,0,1
0,1,1
0,2,1
0,3,1
0,4,1
0,5,1
0,6,1
0,7,1
0,8,1
0,9,1
0,10,1
0,11,1
0,12,1
0,13,1
0,14,1
0,15,1
0,16,1
0,17,1
0,18,1
0,19,1
0,20,1
0,21,1
0,22,1
0,23,1
0,24,1
0,25,1
0,26,1
0,27,1
0,28,1
0,29,1
0,30,1
0,31,1
0,32,1
0,33,1
0,34,1
0,35,1
0,36,1
0,37,1
0,38,1
0,39,1
0,40,1
0,41,1
0,42,1
0,43,1
0,44,1
0,45,1
0,46,1
0,47,1
0,48,1
0,49,1
1,0,1
1,1,1
1,2,1
1,3,1
1,4,1
1,5,1
1,6,1
1,7,0
1,8,1
1,9,1
1,10,1
1,11,1
1,12,1
1,13,2
1,14,1
1,15,1
1,16,1
1,17,2
1,18,1
1,19,2
1,20,1
1,21,1
1,22,2
1,23,1
1,24,1
1,25,3
1,26,0
1,27,0
1,28,1
1,29,1
1,30,1
1,31,0
1,32,1
1,33,0
1,34,2
1,35,0
1,36,1
1,37,0
1,38,2
1,39,1
1,40,2
1,41,1
1,42,1
1,43,1
1,44,1
1,45,0
1,46,1
1,47,0
1,48,0
1,49,2
2,0,1
2,1,1
2,2,1
2,3,1
2,4,2
2,5,1
2,6,1
2,7,0
2,8,1
2,9,1
2,10,1
2,11,1
2,12,1
2,13,2
2,14,2
2,15,1
2,16,2
2,17,1
2,18,1
2,19,2
2,20,1
2,21,1
2,22,2
2,23,1
2,24,1
2,25,2
2,26,0
2,27,0
2,28,0
2,29,1
2,30,0
2,31,1
2,32,0
2,33,1
2,34,1
2,35,0
2,36,1
2,37,0
2,38,1
2,39,1
2,40,2
2,41,2
2,42,0
2,43,0
2,44,2
2,45,0
2,46,2
2,47,0
2,48,0
2,49,3
3,0,1
3,1,2
3,2,1
3,3,0
3,4,2
3,5,1
3,6,1
3,7,1
3,8,0
3,9,1
3,10,1
3,11,1
3,12,1
3,13,2
3,14,2
3,15,1
3,16,2
3,17,1
3,18,1
3,19,2
3,20,1
3,21,1
3,22,2
3,23,1
3,24,0
3,25,1
3,26,0
3,27,0
3,28,0
3,29,2
3,30,0
3,31,1
3,32,0
3,33,1
3,34,1
3,35,1
3,36,1
3,37,0
3,38,1
3,39,1
3,40,2
3,41,2
3,42,0
3,43,1
3,44,2
3,45,0
3,46,2
3,47,0
3,48,0
3,49,2
4,0,1
4,1,2
4,2,1
4,3,1
4,4,2
4,5,2
4,6,1
4,7,1
4,8,0
4,9,0
4,10,1
4,11,1
4,12,0
4,13,2
4,14,2
4,15,1
4,16,1
4,17,1
4,18,1
4,19,2
4,20,1
4,21,1
4,22,2
4,23,0
4,24,0
4,25,1
4,26,0
4,27,1
4,28,1
4,29,2
4,30,1
4,31,1
4,32,0
4,33,1
4,34,0
4,35,1
4,36,1
4,37,0
4,38,1
4,39,1
4,40,3
4,41,2
4,42,0
4,43,0
4,44,2
4,45,0
4,46,2
4,47,0
4,48,0
4,49,2
5,0,1
5,1,1
5,2,2
5,3,1
5,4,1
5,5,1
5,6,1
5,7,1
5,8,0
5,9,0
5,10,0
5,11,1
5,12,0
5,13,2
5,14,1
5,15,1
5,16,1
5,17,2
5,18,1
5,19,2
5,20,0
5,21,2
5,22,2
5,23,0
5,24,0
5,25,1
5,26,0
5,27,1
5,28,1
5,29,3
5,30,2
5,31,0
5,32,0
5,33,1
5,34,0
5,35,1
5,36,2
5,37,0
5,38,1
5,39,3
5,40,3
5,41,1
5,42,0
5,43,0
5,44,2
5,45,0
5,46,2
5,47,0
5,48,0
5,49,2
6,0,0
6,1,1
6,2,2
6,3,1
6,4,1
6,5,1
6,6,2
6,7,1
6,8,0
6,9,1
6,10,1
6,11,1
6,12,0
6,13,3
6,14,0
6,15,1
6,16,1
6,17,2
6,18,2
6,19,1
6,20,0
6,21,2
6,22,1
6,23,1
6,24,0
6,25,0
6,26,0
6,27,1
6,28,2
6,29,3
6,30,2
6,31,0
6,32,1
6,33,0
6,34,1
6,35,1
6,36,1
6,37,0
6,38,0
6,39,3
6,40,2
6,41,1
6,42,0
6,43,0
6,44,2
6,45,0
6,46,2
6,47,0
6,48,0
6,49,2
7,0,0
7,1,1
7,2,1
7,3,0
7,4,1
7,5,1
7,6,2
7,7,1
7,8,1
7,9,1
7,10,1
7,11,1
7,12,0
7,13,3
7,14,0
7,15,1
7,16,1
7,17,2
7,18,2
7,19,1
7,20,0
7,21,2
7,22,1
7,23,2
7,24,0
7,25,0
7,26,0
7,27,1
7,28,2
7,29,3
7,30,2
7,31,0
7,32,1
7,33,0
7,34,1
7,35,1
7,36,1
7,37,0
7,38,0
7,39,3
7,40,1
7,41,1
7,42,0
7,43,0
7,44,2
7,45,0
7,46,2
7,47,0
7,48,0
7,49,3
8,0,0
8,1,1
8,2,2
8,3,0
8,4,2
8,5,1
8,6,2
8,7,1
8,8,1
8,9,2
8,10,1
8,11,1
8,12,0
8,13,2
8,14,1
8,15,1
8,16,1
8,17,1
8,18,2
8,19,0
8,20,0
8,21,2
8,22,1
8,23,2
8,24,0
8,25,0
8,26,0
8,27,1
8,28,1
8,29,3
8,30,2
8,31,1
8,32,1
8,33,1
8,34,1
8,35,1
8,36,0
8,37,0
8,38,0
8,39,3
8,40,1
8,41,1
8,42,0
8,43,0
8,44,2
8,45,0
8,46,1
8,47,0
8,48,0
8,49,3
9,0,0
9,1,0
9,2,2
9,3,0
9,4,2
9,5,1
9,6,2
9,7,1
9,8,0
9,9,2
9,10,1
9,11,1
9,12,0
9,13,2
9,14,2
9,15,2
9,16,0
9,17,1
9,18,2
9,19,0
9,20,1
9,21,1
9,22,0
9,23,2
9,24,0
9,25,1
9,26,0
9,27,1
9,28,1
9,29,2
9,30,2
9,31,1
9,32,1
9,33,1
9,34,0
9,35,1
9,36,1
9,37,0
9,38,1
9,39,3
9,40,1
9,41,2
9,42,0
9,43,0
9,44,2
9,45,0
9,46,1
9,47,0
9,48,0
9,49,3
10,0,0
10,1,0
10,2,2
10,3,0
10,4,2
10,5,1
10,6,2
10,7,1
10,8,0
10,9,1
10,10,1
10,11,1
10,12,0
10,13,2
10,14,3
10,15,1
10,16,0
10,17,1
10,18,3
10,19,0
10,20,1
10,21,0
10,22,0
10,23,2
10,24,0
10,25,2
10,26,0
10,27,1
10,28,2
10,29,1
10,30,2
10,31,2
10,32,2
10,33,1
10,34,0
10,35,0
10,36,1
10,37,0
10,38,0
10,39,3
10,40,1
10,41,2
10,42,0
10,43,0
10,44,2
10,45,1
10,46,1
10,47,0
10,48,0
10,49,2
11,0,0
11,1,0
11,2,3
11,3,0
11,4,2
11,5,1
11,6,2
11,7,0
11,8,0
11,9,1
11,10,2
11,11,2
11,12,0
11,13,2
11,14,3
11,15,1
11,16,0
11,17,0
11,18,3
11,19,0
11,20,0
11,21,0
11,22,0
11,23,2
11,24,0
11,25,2
11,26,0
11,27,1
11,28,2
11,29,0
11,30,2
11,31,3
11,32,1
11,33,1
11,34,0
11,35,0
11,36,1
11,37,0
11,38,0
11,39,2
11,40,2
11,41,2
11,42,0
11,43,0
11,44,2
11,45,1
11,46,2
11,47,0
11,48,0
11,49,2
12,0,2
12,1,0
12,2,3
12,3,1
12,4,2
12,5,2
12,6,2
12,7,0
12,8,0
12,9,1
12,10,2
12,11,1
12,12,0
12,13,3
12,14,3
12,15,2
12,16,0
12,17,0
12,18,3
12,19,0
12,20,0
12,21,0
12,22,0
12,23,1
12,24,0
12,25,1
12,26,0
12,27,0
12,28,2
12,29,0
12,30,2
12,31,3
12,32,0
12,33,1
12,34,0
12,35,0
12,36,0
12,37,0
12,38,0
12,39,2
12,40,2
12,41,3
12,42,0
12,43,0
12,44,2
12,45,1
12,46,2
12,47,0
12,48,0
12,49,1
13,0,2
13,1,1
13,2,3
13,3,1
13,4,1
13,5,1
13,6,2
13,7,0
13,8,0
13,9,1
13,10,2
13,11,1
13,12,0
13,13,3
13,14,2
13,15,2
13,16,0
13,17,0
13,18,4
13,19,0
13,20,1
13,21,1
13,22,0
13,23,1
13,24,0
13,25,1
13,26,0
13,27,0
13,28,2
13,29,0
13,30,2
13,31,3
13,32,0
13,33,1
13,34,0
13,35,0
13,36,0
13,37,0
13,38,0
13,39,2
13,40,2
13,41,3
13,42,0
13,43,0
13,44,1
13,45,1
13,46,2
13,47,0
13,48,0
13,49,1
14,0,2
14,1,2
14,2,2
14,3,1
14,4,1
14,5,0
14,6,1
14,7,0
14,8,0
14,9,1
14,10,2
14,11,1
14,12,1
14,13,3
14,14,2
14,15,2
14,16,0
14,17,1
14,18,4
14,19,0
14,20,1
14,21,1
14,22,0
14,23,1
14,24,0
14,25,1
14,26,0
14,27,0
14,28,2
14,29,0
14,30,2
14,31,3
14,32,0
14,33,0
14,34,0
14,35,0
14,36,0
14,37,0
14,38,0
14,39,3
14,40,2
14,41,3
14,42,0
14,43,0
14,44,1
14,45,1
14,46,2
14,47,0
14,48,0
14,49,1
15,0,1
15,1,2
15,2,1
15,3,1
15,4,1
15,5,0
15,6,0
15,7,0
15,8,1
15,9,1
15,10,2
15,11,2
15,12,1
15,13,3
15,14,1
15,15,1
15,16,0
15,17,0
15,18,4
15,19,0
15,20,1
15,21,2
15,22,0
15,23,1
15,24,0
15,25,1
15,26,0
15,27,1
15,28,2
15,29,0
15,30,2
15,31,3
15,32,0
15,33,1
15,34,0
15,35,0
15,36,0
15,37,0
15,38,0
15,39,4
15,40,2
15,41,3
15,42,0
15,43,0
15,44,1
15,45,1
15,46,2
15,47,0
15,48,0
15,49,1
16,0,1
16,1,2
16,2,1
16,3,1
16,4,1
16,5,0
16,6,0
16,7,0
16,8,1
16,9,1
16,10,2
16,11,2
16,12,1
16,13,3
16,14,1
16,15,1
16,16,0
16,17,0
16,18,4
16,19,1
16,20,1
16,21,2
16,22,0
16,23,1
16,24,0
16,25,1
16,26,0
16,27,0
16,28,2
16,29,0
16,30,1
16,31,3
16,32,1
16,33,1
16,34,0
16,35,0
16,36,0
16,37,1
16,38,0
16,39,4
16,40,2
16,41,3
16,42,0
16,43,0
16,44,1
16,45,0
16,46,2
16,47,0
16,48,0
16,49,1
17,0,1
17,1,2
17,2,1
17,3,0
17,4,1
17,5,0
17,6,0
17,7,0
17,8,0
17,9,1
17,10,2
17,11,2
17,12,1
17,13,3
17,14,1
17,15,1
17,16,0
17,17,0
17,18,4
17,19,0
17,20,1
17,21,2
17,22,1
17,23,0
17,24,0
17,25,1
17,26,0
17,27,0
17,28,2
17,29,0
17,30,1
17,31,3
17,32,1
17,33,1
17,34,0
17,35,0
17,36,1
17,37,2
17,38,1
17,39,4
17,40,2
17,41,3
17,42,1
17,43,0
17,44,1
17,45,0
17,46,2
17,47,0
17,48,0
17,49,0
18,0,1
18,1,2
18,2,1
18,3,1
18,4,0
18,5,0
18,6,0
18,7,0
18,8,0
18,9,1
18,10,1
18,11,2
18,12,1
18,13,2
18,14,1
18,15,1
18,16,0
18,17,0
18,18,4
18,19,1
18,20,1
18,21,2
18,22,1
18,23,0
18,24,0
18,25,1
18,26,0
18,27,0
18,28,2
18,29,0
18,30,1
18,31,3
18,32,1
18,33,2
18,34,0
18,35,0
18,36,2
18,37,1
18,38,1
18,39,4
18,40,2
18,41,3
18,42,1
18,43,0
18,44,1
18,45,0
18,46,2
18,47,0
18,48,0
18,49,0
19,0,1
19,1,3
19,2,1
19,3,2
19,4,0
19,5,0
19,6,0
19,7,0
19,8,0
19,9,1
19,10,1
19,11,2
19,12,0
19,13,2
19,14,1
19,15,1
19,16,0
19,17,0
19,18,3
19,19,1
19,20,0
19,21,2
19,22,2
19,23,0
19,24,0
19,25,1
19,26,1
19,27,1
19,28,2
19,29,0
19,30,0
19,31,3
19,32,1
19,33,2
19,34,1
19,35,0
19,36,2
19,37,1
19,38,0
19,39,3
19,40,1
19,41,4
19,42,1
19,43,0
19,44,1
19,45,0
19,46,2
19,47,0
19,48,0
19,49,0
20,0,1
20,1,3
20,2,2
20,3,2
20,4,0
20,5,0
20,6,0
20,7,0
20,8,0
20,9,1
20,10,0
20,11,3
20,12,0
20,13,2
20,14,2
20,15,0
20,16,0
20,17,0
20,18,3
20,19,1
20,20,0
20,21,2
20,22,2
20,23,0
20,24,0
20,25,1
20,26,1
20,27,0
20,28,4
20,29,0
20,30,0
20,31,2
20,32,0
20,33,1
20,34,1
20,35,0
20,36,1
20,37,1
20,38,0
20,39,3
20,40,1
20,41,4
20,42,1
20,43,0
20,44,2
20,45,1
20,46,2
20,47,0
20,48,0
20,49,0
21,0,1
21,1,3
21,2,2
21,3,2
21,4,0
21,5,0
21,6,0
21,7,0
21,8,0
21,9,0
21,10,0
21,11,3
21,12,1
21,13,1
21,14,2
21,15,0
21,16,0
21,17,0
21,18,3
21,19,1
21,20,0
21,21,2
21,22,2
21,23,1
21,24,0
21,25,1
21,26,1
21,27,0
21,28,4
21,29,0
21,30,0
21,31,2
21,32,0
21,33,1
21,34,1
21,35,0
21,36,1
21,37,1
21,38,0
21,39,3
21,40,1
21,41,4
21,42,1
21,43,0
21,44,2
21,45,1
21,46,2
21,47,0
21,48,0
21,49,0
22,0,1
22,1,3
22,2,2
22,3,2
22,4,0
22,5,0
22,6,0
22,7,0
22,8,0
22,9,0
22,10,0
22,11,3
22,12,1
22,13,0
22,14,2
22,15,1
22,16,0
22,17,0
22,18,3
22,19,1
22,20,0
22,21,2
22,22,2
22,23,2
22,24,0
22,25,1
22,26,1
22,27,0
22,28,4
22,29,0
22,30,0
22,31,2
22,32,0
22,33,1
22,34,2
22,35,0
22,36,1
22,37,1
22,38,0
22,39,3
22,40,1
22,41,4
22,42,0
22,43,0
22,44,1
22,45,1
22,46,2
22,47,0
22,48,0
22,49,0
23,0,1
23,1,3
23,2,2
23,3,2
23,4,0
23,5,0
23,6,0
23,7,0
23,8,0
23,9,0
23,10,0
23,11,4
23,12,0
23,13,0
23,14,2
23,15,2
23,16,0
23,17,0
23,18,3
23,19,1
23,20,0
23,21,3
23,22,2
23,23,2
23,24,0
23,25,1
23,26,1
23,27,0
23,28,5
23,29,0
23,30,0
23,31,2
23,32,0
23,33,1
23,34,2
23,35,0
23,36,2
23,37,0
23,38,0
23,39,3
23,40,1
23,41,3
23,42,0
23,43,0
23,44,0
23,45,1
23,46,1
23,47,0
23,48,0
23,49,0
24,0,1
24,1,3
24,2,2
24,3,2
24,4,0
24,5,0
24,6,0
24,7,0
24,8,0
24,9,0
24,10,0
24,11,4
24,12,0
24,13,0
24,14,2
24,15,2
24,16,0
24,17,0
24,18,3
24,19,1
24,20,0
24,21,3
24,22,1
24,23,2
24,24,0
24,25,2
24,26,1
24,27,0
24,28,5
24,29,0
24,30,0
24,31,2
24,32,0
24,33,1
24,34,2
24,35,1
24,36,2
24,37,0
24,38,0
24,39,3
24,40,0
24,41,3
24,42,1
24,43,0
24,44,0
24,45,1
24,46,0
24,47,0
24,48,0
24,49,0
25,0,1
25,1,3
25,2,2
25,3,2
25,4,0
25,5,0
25,6,0
25,7,0
25,8,0
25,9,1
25,10,0
25,11,4
25,12,0
25,13,0
25,14,2
25,15,2
25,16,0
25,17,0
25,18,3
25,19,1
25,20,0
25,21,3
25,22,0
25,23,2
25,24,2
25,25,1
25,26,1
25,27,0
25,28,5
25,29,0
25,30,0
25,31,2
25,32,0
25,33,1
25,34,2
25,35,0
25,36,1
25,37,0
25,38,0
25,39,3
25,40,1
25,41,3
25,42,1
25,43,1
25,44,0
25,45,0
25,46,0
25,47,0
25,48,0
25,49,0
26,0,1
26,1,3
26,2,1
26,3,2
26,4,0
26,5,0
26,6,1
26,7,1
26,8,0
26,9,0
26,10,0
26,11,4
26,12,0
26,13,0
26,14,3
26,15,3
26,16,0
26,17,0
26,18,2
26,19,1
26,20,0
26,21,2
26,22,0
26,23,2
26,24,3
26,25,1
26,26,1
26,27,0
26,28,5
26,29,0
26,30,0
26,31,2
26,32,0
26,33,1
26,34,2
26,35,0
26,36,0
26,37,0
26,38,1
26,39,3
26,40,1
26,41,2
26,42,1
26,43,0
26,44,0
26,45,0
26,46,0
26,47,0
26,48,0
26,49,1
27,0,1
27,1,3
27,2,1
27,3,1
27,4,0
27,5,0
27,6,1
27,7,0
27,8,0
27,9,0
27,10,0
27,11,4
27,12,0
27,13,0
27,14,4
27,15,3
27,16,0
27,17,0
27,18,2
27,19,0
27,20,0
27,21,1
27,22,0
27,23,2
27,24,3
27,25,1
27,26,1
27,27,0
27,28,5
27,29,0
27,30,0
27,31,1
27,32,0
27,33,1
27,34,3
27,35,0
27,36,0
27,37,0
27,38,1
27,39,3
27,40,1
27,41,2
27,42,1
27,43,0
27,44,1
27,45,1
27,46,0
27,47,0
27,48,0
27,49,2
28,0,1
28,1,3
28,2,2
28,3,1
28,4,0
28,5,0
28,6,0
28,7,1
28,8,0
28,9,0
28,10,1
28,11,4
28,12,1
28,13,0
28,14,4
28,15,3
28,16,0
28,17,1
28,18,1
28,19,0
28,20,1
28,21,1
28,22,0
28,23,2
28,24,2
28,25,1
28,26,2
28,27,0
28,28,4
28,29,0
28,30,0
28,31,1
28,32,0
28,33,1
28,34,3
28,35,0
28,36,0
28,37,0
28,38,0
28,39,3
28,40,0
28,41,2
28,42,0
28,43,0
28,44,1
28,45,1
28,46,0
28,47,0
28,48,0
28,49,2
29,0,1
29,1,3
29,2,2
29,3,1
29,4,0
29,5,0
29,6,0
29,7,1
29,8,0
29,9,0
29,10,1
29,11,3
29,12,1
29,13,0
29,14,4
29,15,3
29,16,0
29,17,3
29,18,1
29,19,0
29,20,1
29,21,0
29,22,0
29,23,2
29,24,2
29,25,1
29,26,2
29,27,0
29,28,4
29,29,0
29,30,0
29,31,2
29,32,0
29,33,0
29,34,3
29,35,0
29,36,0
29,37,0
29,38,0
29,39,3
29,40,0
29,41,2
29,42,0
29,43,0
29,44,1
29,45,2
29,46,0
29,47,0
29,48,0
29,49,1
30,0,1
30,1,3
30,2,2
30,3,0
30,4,0
30,5,1
30,6,0
30,7,0
30,8,0
30,9,0
30,10,0
30,11,4
30,12,1
30,13,0
30,14,3
30,15,3
30,16,0
30,17,4
30,18,1
30,19,0
30,20,1
30,21,0
30,22,0
30,23,2
30,24,2
30,25,2
30,26,2
30,27,0
30,28,4
30,29,0
30,30,0
30,31,2
30,32,0
30,33,0
30,34,3
30,35,0
30,36,0
30,37,0
30,38,0
30,39,4
30,40,0
30,41,2
30,42,0
30,43,0
30,44,1
30,45,2
30,46,0
30,47,0
30,48,0
30,49,0
31,0,1
31,1,3
31,2,3
31,3,0
31,4,0
31,5,0
31,6,1
31,7,0
31,8,0
31,9,0
31,10,0
31,11,3
31,12,0
31,13,1
31,14,3
31,15,4
31,16,0
31,17,4
31,18,2
31,19,0
31,20,0
31,21,0
31,22,0
31,23,2
31,24,1
31,25,2
31,26,2
31,27,1
31,28,4
31,29,0
31,30,0
31,31,2
31,32,0
31,33,0
31,34,3
31,35,0
31,36,0
31,37,0
31,38,0
31,39,4
31,40,0
31,41,2
31,42,0
31,43,0
31,44,1
31,45,1
31,46,0
31,47,0
31,48,0
31,49,0
32,0,1
32,1,3
32,2,3
32,3,0
32,4,0
32,5,0
32,6,1
32,7,0
32,8,0
32,9,1
32,10,0
32,11,2
32,12,0
32,13,0
32,14,3
32,15,4
32,16,0
32,17,4
32,18,2
32,19,0
32,20,0
32,21,0
32,22,0
32,23,2
32,24,1
32,25,2
32,26,2
32,27,1
32,28,4
32,29,0
32,30,0
32,31,3
32,32,0
32,33,0
32,34,3
32,35,1
32,36,0
32,37,0
32,38,0
32,39,3
32,40,0
32,41,2
32,42,0
32,43,0
32,44,1
32,45,1
32,46,0
32,47,0
32,48,0
32,49,0
33,0,1
33,1,3
33,2,3
33,3,0
33,4,0
33,5,0
33,6,1
33,7,0
33,8,0
33,9,1
33,10,0
33,11,3
33,12,0
33,13,0
33,14,4
33,15,4
33,16,0
33,17,3
33,18,1
33,19,0
33,20,0
33,21,0
33,22,0
33,23,2
33,24,1
33,25,2
33,26,2
33,27,1
33,28,4
33,29,0
33,30,0
33,31,3
33,32,0
33,33,0
33,34,3
33,35,1
33,36,0
33,37,0
33,38,0
33,39,2
33,40,0
33,41,2
33,42,0
33,43,0
33,44,1
33,45,1
33,46,1
33,47,0
33,48,0
33,49,0
34,0,1
34,1,3
34,2,2
34,3,0
34,4,1
34,5,0
34,6,1
34,7,0
34,8,0
34,9,1
34,10,0
34,11,3
34,12,0
34,13,0
34,14,3
34,15,4
34,16,0
34,17,3
34,18,1
34,19,0
34,20,1
34,21,0
34,22,0
34,23,1
34,24,1
34,25,2
34,26,2
34,27,1
34,28,4
34,29,0
34,30,0
34,31,3
34,32,1
34,33,0
34,34,3
34,35,1
34,36,0
34,37,0
34,38,0
34,39,1
34,40,0
34,41,2
34,42,0
34,43,1
34,44,1
34,45,1
34,46,1
34,47,0
34,48,0
34,49,0
35,0,1
35,1,3
35,2,2
35,3,0
35,4,1
35,5,0
35,6,0
35,7,0
35,8,0
35,9,1
35,10,1
35,11,4
35,12,0
35,13,0
35,14,4
35,15,4
35,16,0
35,17,2
35,18,1
35,19,1
35,20,0
35,21,0
35,22,0
35,23,1
35,24,1
35,25,1
35,26,1
35,27,1
35,28,3
35,29,0
35,30,0
35,31,3
35,32,1
35,33,0
35,34,3
35,35,1
35,36,0
35,37,0
35,38,0
35,39,1
35,40,0
35,41,2
35,42,0
35,43,1
35,44,1
35,45,2
35,46,1
35,47,1
35,48,0
35,49,0
36,0,1
36,1,4
36,2,2
36,3,0
36,4,1
36,5,0
36,6,0
36,7,0
36,8,0
36,9,1
36,10,1
36,11,4
36,12,0
36,13,0
36,14,3
36,15,3
36,16,0
36,17,3
36,18,1
36,19,0
36,20,0
36,21,0
36,22,0
36,23,1
36,24,1
36,25,1
36,26,1
36,27,1
36,28,3
36,29,0
36,30,0
36,31,2
36,32,1
36,33,1
36,34,3
36,35,1
36,36,0
36,37,0
36,38,1
36,39,1
36,40,0
36,41,2
36,42,0
36,43,1
36,44,1
36,45,2
36,46,1
36,47,1
36,48,0
36,49,0
37,0,0
37,1,4
37,2,2
37,3,1
37,4,1
37,5,0
37,6,0
37,7,0
37,8,0
37,9,1
37,10,1
37,11,4
37,12,1
37,13,0
37,14,3
37,15,2
37,16,0
37,17,3
37,18,1
37,19,0
37,20,1
37,21,0
37,22,0
37,23,1
37,24,0
37,25,1
37,26,1
37,27,2
37,28,3
37,29,0
37,30,1
37,31,1
37,32,2
37,33,1
37,34,3
37,35,1
37,36,0
37,37,0
37,38,1
37,39,1
37,40,0
37,41,2
37,42,0
37,43,0
37,44,0
37,45,2
37,46,1
37,47,1
37,48,0
37,49,0
38,0,0
38,1,5
38,2,1
38,3,0
38,4,1
38,5,0
38,6,0
38,7,0
38,8,0
38,9,1
38,10,1
38,11,5
38,12,1
38,13,0
38,14,3
38,15,2
38,16,0
38,17,3
38,18,1
38,19,0
38,20,1
38,21,0
38,22,0
38,23,0
38,24,0
38,25,1
38,26,2
38,27,1
38,28,3
38,29,0
38,30,1
38,31,1
38,32,3
38,33,1
38,34,3
38,35,0
38,36,0
38,37,0
38,38,1
38,39,1
38,40,0
38,41,3
38,42,0
38,43,0
38,44,0
38,45,2
38,46,1
38,47,1
38,48,0
38,49,0
39,0,0
39,1,5
39,2,1
39,3,0
39,4,1
39,5,0
39,6,0
39,7,0
39,8,0
39,9,1
39,10,1
39,11,5
39,12,1
39,13,0
39,14,3
39,15,2
39,16,0
39,17,4
39,18,1
39,19,0
39,20,1
39,21,0
39,22,0
39,23,0
39,24,0
39,25,0
39,26,2
39,27,0
39,28,3
39,29,0
39,30,1
39,31,1
39,32,2
39,33,2
39,34,2
39,35,0
39,36,0
39,37,0
39,38,1
39,39,1
39,40,0
39,41,3
39,42,1
39,43,0
39,44,0
39,45,2
39,46,1
39,47,2
39,48,0
39,49,0
40,0,0
40,1,5
40,2,1
40,3,0
40,4,1
40,5,0
40,6,0
40,7,0
40,8,0
40,9,3
40,10,1
40,11,5
40,12,1
40,13,0
40,14,3
40,15,2
40,16,0
40,17,5
40,18,1
40,19,0
40,20,0
40,21,0
40,22,0
40,23,0
40,24,0
40,25,0
40,26,2
40,27,0
40,28,2
40,29,0
40,30,0
40,31,1
40,32,1
40,33,2
40,34,2
40,35,0
40,36,0
40,37,0
40,38,1
40,39,1
40,40,0
40,41,3
40,42,0
40,43,1
40,44,0
40,45,3
40,46,1
40,47,2
40,48,0
40,49,0
41,0,0
41,1,5
41,2,2
41,3,0
41,4,1
41,5,0
41,6,0
41,7,0
41,8,0
41,9,2
41,10,0
41,11,5
41,12,0
41,13,0
41,14,3
41,15,2
41,16,0
41,17,5
41,18,1
41,19,0
41,20,0
41,21,0
41,22,2
41,23,0
41,24,0
41,25,0
41,26,2
41,27,0
41,28,2
41,29,0
41,30,0
41,31,1
41,32,1
41,33,2
41,34,2
41,35,0
41,36,0
41,37,0
41,38,0
41,39,1
41,40,0
41,41,3
41,42,0
41,43,0
41,44,1
41,45,3
41,46,1
41,47,3
41,48,0
41,49,0
42,0,1
42,1,5
42,2,2
42,3,0
42,4,1
42,5,0
42,6,0
42,7,0
42,8,0
42,9,2
42,10,0
42,11,5
42,12,0
42,13,0
42,14,3
42,15,2
42,16,0
42,17,5
42,18,0
42,19,0
42,20,0
42,21,1
42,22,2
42,23,0
42,24,0
42,25,0
42,26,1
42,27,0
42,28,2
42,29,1
42,30,0
42,31,0
42,32,0
42,33,2
42,34,2
42,35,0
42,36,0
42,37,0
42,38,0
42,39,1
42,40,0
42,41,4
42,42,0
42,43,0
42,44,1
42,45,3
42,46,1
42,47,3
42,48,0
42,49,0
43,0,0
43,1,5
43,2,2
43,3,1
43,4,1
43,5,0
43,6,0
43,7,0
43,8,0
43,9,2
43,10,0
43,11,5
43,12,0
43,13,0
43,14,2
43,15,2
43,16,0
43,17,5
43,18,0
43,19,0
43,20,0
43,21,1
43,22,2
43,23,0
43,24,0
43,25,0
43,26,2
43,27,0
43,28,2
43,29,1
43,30,0
43,31,0
43,32,0
43,33,2
43,34,2
43,35,0
43,36,1
43,37,0
43,38,0
43,39,0
43,40,0
43,41,3
43,42,1
43,43,0
43,44,1
43,45,3
43,46,1
43,47,3
43,48,0
43,49,0
44,0,0
44,1,5
44,2,2
44,3,1
44,4,1
44,5,0
44,6,0
44,7,0
44,8,0
44,9,2
44,10,0
44,11,5
44,12,1
44,13,1
44,14,2
44,15,2
44,16,0
44,17,4
44,18,0
44,19,0
44,20,0
44,21,0
44,22,2
44,23,1
44,24,0
44,25,0
44,26,2
44,27,1
44,28,1
44,29,1
44,30,0
44,31,0
44,32,0
44,33,1
44,34,3
44,35,0
44,36,0
44,37,1
44,38,0
44,39,1
44,40,0
44,41,2
44,42,0
44,43,0
44,44,1
44,45,2
44,46,1
44,47,4
44,48,0
44,49,0
45,0,1
45,1,4
45,2,2
45,3,0
45,4,1
45,5,0
45,6,0
45,7,1
45,8,0
45,9,1
45,10,0
45,11,5
45,12,1
45,13,1
45,14,1
45,15,3
45,16,0
45,17,4
45,18,0
45,19,0
45,20,0
45,21,0
45,22,2
45,23,0
45,24,0
45,25,0
45,26,2
45,27,1
45,28,1
45,29,1
45,30,0
45,31,0
45,32,0
45,33,1
45,34,3
45,35,1
45,36,1
45,37,1
45,38,0
45,39,1
45,40,1
45,41,2
45,42,0
45,43,0
45,44,1
45,45,1
45,46,1
45,47,4
45,48,0
45,49,0
46,0,2
46,1,4
46,2,2
46,3,0
46,4,1
46,5,0
46,6,0
46,7,2
46,8,0
46,9,0
46,10,0
46,11,5
46,12,1
46,13,1
46,14,0
46,15,3
46,16,0
46,17,4
46,18,0
46,19,0
46,20,1
46,21,0
46,22,2
46,23,0
46,24,0
46,25,0
46,26,2
46,27,1
46,28,0
46,29,1
46,30,0
46,31,0
46,32,0
46,33,1
46,34,3
46,35,2
46,36,2
46,37,1
46,38,0
46,39,1
46,40,0
46,41,2
46,42,0
46,43,0
46,44,1
46,45,1
46,46,0
46,47,4
46,48,0
46,49,0
47,0,2
47,1,4
47,2,2
47,3,1
47,4,1
47,5,0
47,6,0
47,7,1
47,8,0
47,9,0
47,10,0
47,11,6
47,12,0
47,13,1
47,14,0
47,15,4
47,16,0
47,17,5
47,18,0
47,19,0
47,20,1
47,21,0
47,22,2
47,23,1
47,24,0
47,25,0
47,26,1
47,27,1
47,28,0
47,29,1
47,30,0
47,31,0
47,32,0
47,33,1
47,34,2
47,35,1
47,36,2
47,37,1
47,38,0
47,39,0
47,40,0
47,41,2
47,42,0
47,43,0
47,44,2
47,45,1
47,46,0
47,47,3
47,48,1
47,49,0
48,0,2
48,1,4
48,2,2
48,3,1
48,4,1
48,5,1
48,6,0
48,7,1
48,8,0
48,9,0
48,10,0
48,11,6
48,12,0
48,13,2
48,14,0
48,15,4
48,16,0
48,17,4
48,18,0
48,19,0
48,20,1
48,21,0
48,22,2
48,23,0
48,24,0
48,25,0
48,26,1
48,27,1
48,28,0
48,29,1
48,30,0
48,31,0
48,32,0
48,33,1
48,34,2
48,35,1
48,36,2
48,37,1
48,38,0
48,39,0
48,40,0
48,41,1
48,42,0
48,43,0
48,44,1
48,45,2
48,46,0
48,47,3
48,48,2
48,49,0
49,0,2
49,1,5
49,2,2
49,3,1
49,4,1
49,5,1
49,6,0
49,7,1
49,8,0
49,9,0
49,10,0
49,11,6
49,12,0
49,13,1
49,14,0
49,15,4
49,16,0
49,17,4
49,18,0
49,19,0
49,20,2
49,21,1
49,22,2
49,23,0
49,24,0
49,25,0
49,26,1
49,27,1
49,28,0
49,29,0
49,30,0
49,31,0
49,32,0
49,33,1
49,34,1
49,35,1
49,36,2
49,37,0
49,38,0
49,39,0
49,40,0
49,41,1
49,42,0
49,43,0
49,44,1
49,45,3
49,46,0
49,47,3
49,48,2
49,49,0
50,0,1
50,1,4
50,2,2
50,3,2
50,4,1
50,5,1
50,6,0
50,7,1
50,8,0
50,9,0
50,10,0
50,11,6
50,12,0
50,13,0
50,14,0
50,15,5
50,16,0
50,17,4
50,18,0
50,19,0
50,20,2
50,21,2
50,22,1
50,23,0
50,24,0
50,25,0
50,26,2
50,27,1
50,28,0
50,29,0
50,30,0
50,31,0
50,32,0
50,33,1
50,34,2
50,35,1
50,36,1
50,37,0
50,38,0
50,39,0
50,40,0
50,41,0
50,42,1
50,43,1
50,44,1
50,45,3
50,46,0
50,47,2
50,48,2
50,49,0
51,0,0
51,1,5
51,2,2
51,3,2
51,4,1
51,5,1
51,6,0
51,7,1
51,8,0
51,9,0
51,10,0
51,11,5
51,12,0
51,13,0
51,14,0
51,15,5
51,16,0
51,17,4
51,18,0
51,19,0
51,20,2
51,21,2
51,22,1
51,23,0
51,24,0
51,25,0
51,26,3
51,27,1
51,28,0
51,29,0
51,30,0
51,31,0
51,32,0
51,33,1
51,34,1
51,35,1
51,36,0
51,37,0
51,38,0
51,39,0
51,40,0
51,41,1
51,42,0
51,43,1
51,44,1
51,45,4
51,46,0
51,47,3
51,48,2
51,49,0
52,0,1
52,1,4
52,2,2
52,3,2
52,4,1
52,5,1
52,6,0
52,7,1
52,8,0
52,9,1
52,10,1
52,11,5
52,12,0
52,13,0
52,14,0
52,15,4
52,16,0
52,17,4
52,18,0
52,19,0
52,20,2
52,21,2
52,22,2
52,23,0
52,24,0
52,25,0
52,26,2
52,27,0
52,28,0
52,29,0
52,30,0
52,31,0
52,32,1
52,33,0
52,34,1
52,35,1
52,36,0
52,37,0
52,38,0
52,39,0
52,40,0
52,41,1
52,42,0
52,43,2
52,44,0
52,45,4
52,46,0
52,47,4
52,48,1
52,49,0
53,0,1
53,1,4
53,2,2
53,3,1
53,4,1
53,5,1
53,6,0
53,7,1
53,8,0
53,9,1
53,10,0
53,11,4
53,12,0
53,13,1
53,14,0
53,15,4
53,16,0
53,17,4
53,18,0
53,19,0
53,20,2
53,21,2
53,22,2
53,23,0
53,24,0
53,25,0
53,26,1
53,27,0
53,28,1
53,29,0
53,30,0
53,31,0
53,32,1
53,33,0
53,34,1
53,35,1
53,36,0
53,37,0
53,38,0
53,39,0
53,40,0
53,41,2
53,42,0
53,43,2
53,44,0
53,45,4
53,46,1
53,47,4
53,48,1
53,49,0
54,0,1
54,1,4
54,2,1
54,3,1
54,4,0
54,5,1
54,6,0
54,7,1
54,8,0
54,9,0
54,10,0
54,11,4
54,12,0
54,13,1
54,14,0
54,15,3
54,16,0
54,17,5
54,18,0
54,19,0
54,20,1
54,21,3
54,22,2
54,23,0
54,24,0
54,25,1
54,26,0
54,27,0
54,28,0
54,29,0
54,30,0
54,31,0
54,32,1
54,33,0
54,34,1
54,35,1
54,36,0
54,37,0
54,38,0
54,39,0
54,40,0
54,41,4
54,42,0
54,43,3
54,44,0
54,45,4
54,46,1
54,47,5
54,48,1
54,49,0
55,0,1
55,1,3
55,2,0
55,3,0
55,4,0
55,5,1
55,6,0
55,7,1
55,8,0
55,9,1
55,10,1
55,11,4
55,12,0
55,13,1
55,14,0
55,15,3
55,16,0
55,17,5
55,18,0
55,19,0
55,20,1
55,21,3
55,22,1
55,23,0
55,24,0
55,25,1
55,26,0
55,27,0
55,28,1
55,29,0
55,30,0
55,31,0
55,32,1
55,33,0
55,34,2
55,35,1
55,36,0
55,37,0
55,38,0
55,39,0
55,40,1
55,41,3
55,42,0
55,43,4
55,44,0
55,45,4
55,46,0
55,47,6
55,48,0
55,49,0
56,0,1
56,1,2
56,2,0
56,3,1
56,4,0
56,5,1
56,6,1
56,7,1
56,8,0
56,9,1
56,10,0
56,11,4
56,12,0
56,13,1
56,14,0
56,15,3
56,16,0
56,17,4
56,18,0
56,19,0
56,20,2
56,21,3
56,22,0
56,23,1
56,24,0
56,25,1
56,26,0
56,27,0
56,28,2
56,29,0
56,30,0
56,31,0
56,32,1
56,33,0
56,34,1
56,35,0
56,36,0
56,37,0
56,38,0
56,39,1
56,40,1
56,41,4
56,42,0
56,43,3
56,44,0
56,45,4
56,46,0
56,47,6
56,48,0
56,49,0
57,0,0
57,1,2
57,2,0
57,3,1
57,4,0
57,5,1
57,6,1
57,7,1
57,8,0
57,9,0
57,10,0
57,11,5
57,12,1
57,13,1
57,14,0
57,15,3
57,16,0
57,17,4
57,18,0
57,19,0
57,20,2
57,21,3
57,22,0
57,23,1
57,24,0
57,25,1
57,26,0
57,27,0
57,28,1
57,29,0
57,30,0
57,31,1
57,32,1
57,33,0
57,34,1
57,35,0
57,36,0
57,37,0
57,38,0
57,39,1
57,40,1
57,41,3
57,42,1
57,43,3
57,44,0
57,45,4
57,46,0
57,47,6
57,48,0
57,49,0
58,0,0
58,1,2
58,2,0
58,3,2
58,4,0
58,5,1
58,6,1
58,7,1
58,8,0
58,9,1
58,10,0
58,11,4
58,12,1
58,13,2
58,14,0
58,15,2
58,16,0
58,17,3
58,18,0
58,19,0
58,20,1
58,21,3
58,22,0
58,23,1
58,24,0
58,25,1
58,26,1
58,27,1
58,28,0
58,29,0
58,30,1
58,31,1
58,32,1
58,33,0
58,34,1
58,35,0
58,36,0
58,37,0
58,38,0
58,39,1
58,40,1
58,41,3
58,42,1
58,43,2
58,44,0
58,45,4
58,46,0
58,47,6
58,48,0
58,49,0
59,0,0
59,1,2
59,2,0
59,3,2
59,4,0
59,5,0
59,6,1
59,7,1
59,8,0
59,9,2
59,10,0
59,11,4
59,12,1
59,13,2
59,14,1
59,15,2
59,16,0
59,17,2
59,18,0
59,19,0
59,20,1
59,21,3
59,22,0
59,23,1
59,24,0
59,25,1
59,26,1
59,27,1
59,28,0
59,29,0
59,30,1
59,31,1
59,32,1
59,33,0
59,34,1
59,35,0
59,36,1
59,37,0
59,38,0
59,39,1
59,40,1
59,41,3
59,42,1
59,43,2
59,44,0
59,45,3
59,46,0
59,47,6
59,48,0
59,49,0
60,0,0
60,1,2
60,2,0
60,3,2
60,4,0
60,5,0
60,6,1
60,7,1
60,8,0
60,9,2
60,10,0
60,11,4
60,12,1
60,13,2
60,14,1
60,15,2
60,16,0
60,17,2
60,18,0
60,19,0
60,20,0
60,21,4
60,22,0
60,23,1
60,24,0
60,25,0
60,26,1
60,27,1
60,28,0
60,29,1
60,30,1
60,31,0
60,32,1
60,33,0
60,34,1
60,35,1
60,36,1
60,37,0
60,38,0
60,39,1
60,40,1
60,41,3
60,42,1
60,43,2
60,44,0
60,45,4
60,46,0
60,47,5
60,48,0
60,49,0
61,0,0
61,1,2
61,2,0
61,3,2
61,4,0
61,5,0
61,6,0
61,7,0
61,8,0
61,9,2
61,10,0
61,11,4
61,12,1
61,13,2
61,14,1
61,15,2
61,16,0
61,17,1
61,18,0
61,19,1
61,20,1
61,21,3
61,22,0
61,23,1
61,24,0
61,25,0
61,26,1
61,27,1
61,28,0
61,29,1
61,30,2
61,31,0
61,32,1
61,33,0
61,34,1
61,35,0
61,36,1
61,37,1
61,38,0
61,39,1
61,40,1
61,41,3
61,42,1
61,43,2
61,44,0
61,45,5
61,46,0
61,47,5
61,48,0
61,49,0
62,0,0
62,1,2
62,2,1
62,3,2
62,4,0
62,5,0
62,6,0
62,7,1
62,8,0
62,9,2
62,10,0
62,11,4
62,12,1
62,13,1
62,14,0
62,15,2
62,16,1
62,17,1
62,18,0
62,19,1
62,20,1
62,21,2
62,22,0
62,23,1
62,24,0
62,25,1
62,26,1
62,27,0
62,28,0
62,29,0
62,30,1
62,31,1
62,32,1
62,33,1
62,34,1
62,35,0
62,36,1
62,37,0
62,38,1
62,39,0
62,40,1
62,41,4
62,42,1
62,43,2
62,44,0
62,45,5
62,46,0
62,47,5
62,48,0
62,49,0
63,0,0
63,1,1
63,2,1
63,3,1
63,4,0
63,5,0
63,6,0
63,7,2
63,8,0
63,9,2
63,10,0
63,11,4
63,12,1
63,13,1
63,14,0
63,15,2
63,16,1
63,17,1
63,18,0
63,19,1
63,20,0
63,21,2
63,22,0
63,23,1
63,24,0
63,25,0
63,26,1
63,27,0
63,28,0
63,29,0
63,30,1
63,31,1
63,32,1
63,33,1
63,34,1
63,35,0
63,36,1
63,37,0
63,38,1
63,39,1
63,40,1
63,41,5
63,42,1
63,43,2
63,44,0
63,45,6
63,46,0
63,47,5
63,48,0
63,49,0
64,0,0
64,1,1
64,2,1
64,3,1
64,4,0
64,5,0
64,6,0
64,7,1
64,8,0
64,9,2
64,10,1
64,11,4
64,12,1
64,13,1
64,14,0
64,15,2
64,16,1
64,17,1
64,18,0
64,19,1
64,20,0
64,21,2
64,22,0
64,23,1
64,24,0
64,25,0
64,26,1
64,27,1
64,28,0
64,29,0
64,30,1
64,31,0
64,32,1
64,33,1
64,34,1
64,35,1
64,36,1
64,37,0
64,38,0
64,39,1
64,40,1
64,41,5
64,42,1
64,43,2
64,44,1
64,45,6
64,46,0
64,47,4
64,48,0
64,49,0
65,0,0
65,1,0
65,2,1
65,3,1
65,4,0
65,5,0
65,6,0
65,7,1
65,8,0
65,9,2
65,10,1
65,11,5
65,12,2
65,13,1
65,14,0
65,15,1
65,16,1
65,17,2
65,18,0
65,19,1
65,20,0
65,21,2
65,22,0
65,23,1
65,24,0
65,25,0
65,26,0
65,27,0
65,28,0
65,29,1
65,30,1
65,31,1
65,32,1
65,33,1
65,34,1
65,35,1
65,36,1
65,37,0
65,38,0
65,39,0
65,40,1
65,41,5
65,42,1
65,43,2
65,44,1
65,45,6
65,46,0
65,47,3
65,48,1
65,49,0
66,0,0
66,1,0
66,2,1
66,3,1
66,4,0
66,5,0
66,6,0
66,7,1
66,8,0
66,9,2
66,10,1
66,11,5
66,12,1
66,13,1
66,14,0
66,15,1
66,16,1
66,17,2
66,18,0
66,19,0
66,20,0
66,21,2
66,22,0
66,23,0
66,24,1
66,25,0
66,26,1
66,27,0
66,28,2
66,29,0
66,30,1
66,31,1
66,32,1
66,33,1
66,34,0
66,35,1
66,36,1
66,37,0
66,38,0
66,39,0
66,40,1
66,41,5
66,42,2
66,43,2
66,44,1
66,45,7
66,46,0
66,47,3
66,48,0
66,49,0
67,0,0
67,1,0
67,2,2
67,3,0
67,4,0
67,5,0
67,6,0
67,7,2
67,8,0
67,9,1
67,10,1
67,11,6
67,12,0
67,13,1
67,14,0
67,15,1
67,16,0
67,17,3
67,18,0
67,19,0
67,20,0
67,21,1
67,22,0
67,23,0
67,24,1
67,25,0
67,26,0
67,27,0
67,28,2
67,29,0
67,30,1
67,31,1
67,32,1
67,33,1
67,34,0
67,35,1
67,36,1
67,37,0
67,38,1
67,39,0
67,40,1
67,41,5
67,42,2
67,43,2
67,44,1
67,45,8
67,46,0
67,47,3
67,48,0
67,49,0
68,0,0
68,1,0
68,2,1
68,3,0
68,4,0
68,5,0
68,6,0
68,7,1
68,8,0
68,9,1
68,10,1
68,11,6
68,12,1
68,13,0
68,14,1
68,15,1
68,16,0
68,17,3
68,18,0
68,19,1
68,20,0
68,21,1
68,22,0
68,23,0
68,24,1
68,25,0
68,26,1
68,27,0
68,28,2
68,29,0
68,30,1
68,31,1
68,32,1
68,33,1
68,34,0
68,35,1
68,36,2
68,37,0
68,38,0
68,39,0
68,40,1
68,41,5
68,42,2
68,43,1
68,44,1
68,45,7
68,46,1
68,47,3
68,48,0
68,49,0
69,0,0
69,1,0
69,2,1
69,3,0
69,4,0
69,5,0
69,6,0
69,7,1
69,8,0
69,9,0
69,10,0
69,11,7
69,12,0
69,13,1
69,14,1
69,15,1
69,16,0
69,17,2
69,18,0
69,19,2
69,20,0
69,21,2
69,22,1
69,23,0
69,24,0
69,25,0
69,26,1
69,27,0
69,28,2
69,29,0
69,30,0
69,31,2
69,32,1
69,33,1
69,34,0
69,35,1
69,36,1
69,37,0
69,38,0
69,39,0
69,40,1
69,41,5
69,42,2
69,43,1
69,44,1
69,45,7
69,46,1
69,47,3
69,48,1
69,49,0
70,0,0
70,1,0
70,2,1
70,3,0
70,4,0
70,5,0
70,6,1
70,7,1
70,8,0
70,9,0
70,10,0
70,11,6
70,12,0
70,13,1
70,14,1
70,15,1
70,16,0
70,17,2
70,18,0
70,19,2
70,20,0
70,21,2
70,22,2
70,23,0
70,24,1
70,25,0
70,26,1
70,27,0
70,28,2
70,29,0
70,30,0
70,31,1
70,32,2
70,33,1
70,34,0
70,35,1
70,36,1
70,37,0
70,38,0
70,39,0
70,40,1
70,41,5
70,42,2
70,43,0
70,44,0
70,45,7
70,46,1
70,47,3
70,48,1
70,49,0
71,0,0
71,1,0
71,2,1
71,3,0
71,4,0
71,5,0
71,6,1
71,7,0
71,8,0
71,9,1
71,10,0
71,11,6
71,12,0
71,13,1
71,14,1
71,15,1
71,16,0
71,17,3
71,18,0
71,19,2
71,20,0
71,21,2
71,22,1
71,23,0
71,24,1
71,25,0
71,26,1
71,27,0
71,28,3
71,29,1
71,30,0
71,31,0
71,32,2
71,33,1
71,34,0
71,35,0
71,36,1
71,37,0
71,38,0
71,39,0
71,40,1
71,41,5
71,42,2
71,43,1
71,44,0
71,45,6
71,46,1
71,47,3
71,48,1
71,49,0
72,0,1
72,1,0
72,2,1
72,3,0
72,4,0
72,5,0
72,6,0
72,7,0
72,8,0
72,9,0
72,10,0
72,11,5
72,12,0
72,13,2
72,14,1
72,15,0
72,16,0
72,17,3
72,18,0
72,19,2
72,20,0
72,21,2
72,22,1
72,23,0
72,24,1
72,25,0
72,26,1
72,27,0
72,28,3
72,29,1
72,30,0
72,31,0
72,32,2
72,33,1
72,34,0
72,35,0
72,36,1
72,37,1
72,38,0
72,39,0
72,40,1
72,41,5
72,42,2
72,43,1
72,44,0
72,45,6
72,46,1
72,47,3
72,48,1
72,49,1
73,0,1
73,1,0
73,2,1
73,3,0
73,4,0
73,5,0
73,6,0
73,7,0
73,8,0
73,9,0
73,10,0
73,11,5
73,12,0
73,13,2
73,14,0
73,15,0
73,16,1
73,17,2
73,18,1
73,19,1
73,20,0
73,21,2
73,22,0
73,23,0
73,24,0
73,25,1
73,26,2
73,27,0
73,28,3
73,29,1
73,30,0
73,31,0
73,32,2
73,33,1
73,34,0
73,35,0
73,36,2
73,37,1
73,38,1
73,39,0
73,40,1
73,41,4
73,42,2
73,43,1
73,44,0
73,45,6
73,46,1
73,47,3
73,48,1
73,49,1
74,0,2
74,1,0
74,2,0
74,3,0
74,4,0
74,5,0
74,6,0
74,7,0
74,8,0
74,9,1
74,10,1
74,11,5
74,12,0
74,13,2
74,14,0
74,15,0
74,16,2
74,17,1
74,18,1
74,19,2
74,20,0
74,21,1
74,22,0
74,23,0
74,24,0
74,25,0
74,26,1
74,27,0
74,28,2
74,29,2
74,30,0
74,31,0
74,32,2
74,33,1
74,34,0
74,35,1
74,36,3
74,37,1
74,38,0
74,39,0
74,40,1
74,41,5
74,42,2
74,43,0
74,44,0
74,45,6
74,46,1
74,47,2
74,48,1
74,49,1
75,0,1
75,1,0
75,2,0
75,3,0
75,4,0
75,5,0
75,6,1
75,7,0
75,8,0
75,9,1
75,10,1
75,11,5
75,12,0
75,13,2
75,14,0
75,15,0
75,16,1
75,17,1
75,18,1
75,19,2
75,20,0
75,21,2
75,22,0
75,23,0
75,24,0
75,25,0
75,26,1
75,27,0
75,28,2
75,29,2
75,30,0
75,31,0
75,32,2
75,33,1
75,34,0
75,35,2
75,36,3
75,37,1
75,38,1
75,39,0
75,40,1
75,41,5
75,42,2
75,43,0
75,44,0
75,45,6
75,46,0
75,47,1
75,48,1
75,49,1
76,0,1
76,1,1
76,2,0
76,3,0
76,4,0
76,5,0
76,6,1
76,7,0
76,8,1
76,9,1
76,10,1
76,11,6
76,12,0
76,13,1
76,14,1
76,15,0
76,16,1
76,17,1
76,18,1
76,19,2
76,20,0
76,21,1
76,22,1
76,23,0
76,24,1
76,25,0
76,26,0
76,27,0
76,28,2
76,29,2
76,30,0
76,31,0
76,32,1
76,33,0
76,34,0
76,35,2
76,36,3
76,37,2
76,38,1
76,39,0
76,40,0
76,41,4
76,42,2
76,43,0
76,44,2
76,45,6
76,46,0
76,47,1
76,48,0
76,49,0
77,0,0
77,1,1
77,2,0
77,3,1
77,4,0
77,5,0
77,6,0
77,7,0
77,8,1
77,9,0
77,10,1
77,11,6
77,12,0
77,13,1
77,14,1
77,15,0
77,16,3
77,17,1
77,18,1
77,19,2
77,20,0
77,21,1
77,22,0
77,23,0
77,24,2
77,25,0
77,26,0
77,27,0
77,28,3
77,29,2
77,30,0
77,31,0
77,32,1
77,33,0
77,34,0
77,35,2
77,36,3
77,37,1
77,38,1
77,39,0
77,40,1
77,41,3
77,42,2
77,43,0
77,44,1
77,45,7
77,46,0
77,47,1
77,48,0
77,49,0
78,0,0
78,1,2
78,2,0
78,3,2
78,4,0
78,5,0
78,6,0
78,7,0
78,8,1
78,9,1
78,10,1
78,11,7
78,12,1
78,13,1
78,14,2
78,15,1
78,16,2
78,17,1
78,18,1
78,19,2
78,20,0
78,21,1
78,22,0
78,23,0
78,24,1
78,25,1
78,26,0
78,27,0
78,28,2
78,29,2
78,30,0
78,31,0
78,32,1
78,33,0
78,34,0
78,35,2
78,36,3
78,37,0
78,38,1
78,39,0
78,40,1
78,41,3
78,42,1
78,43,0
78,44,0
78,45,6
78,46,0
78,47,0
78,48,0
78,49,0
79,0,0
79,1,2
79,2,0
79,3,2
79,4,0
79,5,0
79,6,0
79,7,0
79,8,2
79,9,0
79,10,1
79,11,7
79,12,1
79,13,0
79,14,2
79,15,1
79,16,3
79,17,1
79,18,1
79,19,2
79,20,0
79,21,0
79,22,0
79,23,1
79,24,1
79,25,1
79,26,0
79,27,0
79,28,3
79,29,2
79,30,0
79,31,0
79,32,1
79,33,0
79,34,0
79,35,2
79,36,3
79,37,0
79,38,1
79,39,0
79,40,1
79,41,2
79,42,0
79,43,0
79,44,0
79,45,6
79,46,1
79,47,0
79,48,0
79,49,0
80,0,0
80,1,3
80,2,0
80,3,2
80,4,0
80,5,0
80,6,0
80,7,0
80,8,2
80,9,0
80,10,1
80,11,8
80,12,0
80,13,1
80,14,1
80,15,1
80,16,2
80,17,1
80,18,1
80,19,2
80,20,0
80,21,0
80,22,0
80,23,1
80,24,1
80,25,1
80,26,0
80,27,0
80,28,3
80,29,1
80,30,0
80,31,0
80,32,1
80,33,0
80,34,0
80,35,2
80,36,3
80,37,0
80,38,1
80,39,0
80,40,1
80,41,2
80,42,0
80,43,0
80,44,0
80,45,7
80,46,1
80,47,0
80,48,0
80,49,0
81,0,0
81,1,2
81,2,0
81,3,2
81,4,0
81,5,0
81,6,1
81,7,0
81,8,2
81,9,1
81,10,0
81,11,8
81,12,0
81,13,2
81,14,1
81,15,1
81,16,1
81,17,1
81,18,1
81,19,3
81,20,0
81,21,0
81,22,0
81,23,1
81,24,1
81,25,1
81,26,0
81,27,0
81,28,3
81,29,1
81,30,0
81,31,0
81,32,1
81,33,0
81,34,0
81,35,1
81,36,3
81,37,0
81,38,1
81,39,0
81,40,0
81,41,2
81,42,0
81,43,0
81,44,1
81,45,7
81,46,1
81,47,0
81,48,0
81,49,0
82,0,0
82,1,2
82,2,0
82,3,2
82,4,0
82,5,0
82,6,1
82,7,0
82,8,2
82,9,0
82,10,0
82,11,8
82,12,0
82,13,2
82,14,1
82,15,1
82,16,0
82,17,2
82,18,0
82,19,3
82,20,1
82,21,0
82,22,0
82,23,1
82,24,1
82,25,0
82,26,0
82,27,0
82,28,3
82,29,1
82,30,0
82,31,1
82,32,1
82,33,0
82,34,0
82,35,1
82,36,2
82,37,0
82,38,1
82,39,0
82,40,0
82,41,2
82,42,0
82,43,0
82,44,2
82,45,7
82,46,1
82,47,0
82,48,1
82,49,0
83,0,0
83,1,2
83,2,0
83,3,2
83,4,0
83,5,1
83,6,0
83,7,0
83,8,2
83,9,0
83,10,0
83,11,8
83,12,0
83,13,3
83,14,1
83,15,0
83,16,0
83,17,2
83,18,0
83,19,3
83,20,0
83,21,1
83,22,0
83,23,1
83,24,1
83,25,0
83,26,0
83,27,0
83,28,2
83,29,1
83,30,0
83,31,1
83,32,1
83,33,0
83,34,0
83,35,0
83,36,2
83,37,0
83,38,1
83,39,0
83,40,0
83,41,2
83,42,0
83,43,0
83,44,4
83,45,7
83,46,1
83,47,0
83,48,1
83,49,0
84,0,0
84,1,2
84,2,0
84,3,1
84,4,0
84,5,1
84,6,0
84,7,0
84,8,2
84,9,1
84,10,0
84,11,8
84,12,0
84,13,3
84,14,1
84,15,0
84,16,0
84,17,1
84,18,0
84,19,3
84,20,0
84,21,1
84,22,1
84,23,0
84,24,1
84,25,1
84,26,0
84,27,0
84,28,2
84,29,1
84,30,0
84,31,1
84,32,1
84,33,1
84,34,0
84,35,0
84,36,2
84,37,0
84,38,1
84,39,0
84,40,0
84,41,2
84,42,0
84,43,0
84,44,4
84,45,7
84,46,0
84,47,0
84,48,1
84,49,0
85,0,0
85,1,2
85,2,0
85,3,1
85,4,0
85,5,1
85,6,0
85,7,0
85,8,2
85,9,1
85,10,0
85,11,7
85,12,0
85,13,3
85,14,1
85,15,0
85,16,0
85,17,1
85,18,0
85,19,3
85,20,0
85,21,1
85,22,2
85,23,0
85,24,1
85,25,1
85,26,0
85,27,0
85,28,2
85,29,1
85,30,0
85,31,1
85,32,1
85,33,1
85,34,0
85,35,0
85,36,2
85,37,0
85,38,0
85,39,0
85,40,0
85,41,2
85,42,0
85,43,0
85,44,4
85,45,7
85,46,0
85,47,0
85,48,2
85,49,0
86,0,0
86,1,3
86,2,0
86,3,1
86,4,0
86,5,1
86,6,0
86,7,0
86,8,3
86,9,1
86,10,0
86,11,7
86,12,0
86,13,2
86,14,1
86,15,0
86,16,0
86,17,0
86,18,0
86,19,3
86,20,0
86,21,1
86,22,2
86,23,0
86,24,0
86,25,1
86,26,0
86,27,0
86,28,3
86,29,1
86,30,0
86,31,1
86,32,0
86,33,1
86,34,1
86,35,0
86,36,2
86,37,0
86,38,0
86,39,0
86,40,0
86,41,2
86,42,0
86,43,0
86,44,4
86,45,7
86,46,0
86,47,0
86,48,2
86,49,0
87,0,0
87,1,4
87,2,0
87,3,1
87,4,0
87,5,1
87,6,0
87,7,0
87,8,3
87,9,0
87,10,0
87,11,8
87,12,0
87,13,2
87,14,1
87,15,0
87,16,0
87,17,0
87,18,0
87,19,3
87,20,0
87,21,1
87,22,2
87,23,0
87,24,0
87,25,1
87,26,0
87,27,0
87,28,3
87,29,0
87,30,0
87,31,1
87,32,0
87,33,0
87,34,1
87,35,1
87,36,2
87,37,0
87,38,0
87,39,0
87,40,0
87,41,2
87,42,0
87,43,0
87,44,3
87,45,6
87,46,1
87,47,0
87,48,2
87,49,1
88,0,0
88,1,3
88,2,0
88,3,1
88,4,0
88,5,1
88,6,0
88,7,0
88,8,3
88,9,0
88,10,0
88,11,8
88,12,0
88,13,2
88,14,0
88,15,1
88,16,0
88,17,0
88,18,0
88,19,3
88,20,0
88,21,1
88,22,2
88,23,0
88,24,0
88,25,0
88,26,0
88,27,0
88,28,3
88,29,0
88,30,0
88,31,1
88,32,0
88,33,0
88,34,1
88,35,1
88,36,2
88,37,0
88,38,0
88,39,0
88,40,0
88,41,2
88,42,0
88,43,0
88,44,4
88,45,6
88,46,1
88,47,0
88,48,2
88,49,2
89,0,0
89,1,3
89,2,0
89,3,1
89,4,1
89,5,1
89,6,0
89,7,0
89,8,2
89,9,0
89,10,0
89,11,7
89,12,0
89,13,2
89,14,0
89,15,0
89,16,0
89,17,0
89,18,0
89,19,3
89,20,0
89,21,1
89,22,3
89,23,0
89,24,0
89,25,0
89,26,0
89,27,1
89,28,3
89,29,0
89,30,0
89,31,1
89,32,0
89,33,0
89,34,1
89,35,1
89,36,2
89,37,0
89,38,1
89,39,0
89,40,0
89,41,1
89,42,0
89,43,0
89,44,5
89,45,6
89,46,2
89,47,0
89,48,1
89,49,1
90,0,0
90,1,3
90,2,1
90,3,0
90,4,0
90,5,1
90,6,0
90,7,0
90,8,2
90,9,0
90,10,0
90,11,6
90,12,0
90,13,2
90,14,0
90,15,0
90,16,0
90,17,0
90,18,0
90,19,2
90,20,0
90,21,1
90,22,3
90,23,0
90,24,2
90,25,0
90,26,0
90,27,1
90,28,3
90,29,0
90,30,0
90,31,3
90,32,0
90,33,0
90,34,1
90,35,1
90,36,2
90,37,0
90,38,0
90,39,1
90,40,0
90,41,1
90,42,0
90,43,0
90,44,4
90,45,6
90,46,1
90,47,1
90,48,1
90,49,1
91,0,0
91,1,3
91,2,0
91,3,0
91,4,0
91,5,1
91,6,0
91,7,0
91,8,2
91,9,0
91,10,0
91,11,7
91,12,0
91,13,1
91,14,0
91,15,0
91,16,0
91,17,0
91,18,0
91,19,2
91,20,0
91,21,1
91,22,3
91,23,0
91,24,2
91,25,0
91,26,0
91,27,0
91,28,3
91,29,0
91,30,0
91,31,4
91,32,0
91,33,0
91,34,1
91,35,1
91,36,2
91,37,0
91,38,1
91,39,1
91,40,0
91,41,1
91,42,0
91,43,0
91,44,4
91,45,6
91,46,1
91,47,1
91,48,1
91,49,1
92,0,0
92,1,3
92,2,1
92,3,0
92,4,0
92,5,1
92,6,0
92,7,0
92,8,1
92,9,0
92,10,0
92,11,7
92,12,1
92,13,1
92,14,0
92,15,1
92,16,0
92,17,0
92,18,0
92,19,2
92,20,0
92,21,2
92,22,2
92,23,0
92,24,2
92,25,0
92,26,0
92,27,0
92,28,3
92,29,0
92,30,0
92,31,4
92,32,0
92,33,0
92,34,0
92,35,1
92,36,2
92,37,0
92,38,0
92,39,0
92,40,0
92,41,2
92,42,0
92,43,0
92,44,4
92,45,6
92,46,1
92,47,1
92,48,1
92,49,1
93,0,0
93,1,3
93,2,1
93,3,0
93,4,0
93,5,0
93,6,1
93,7,0
93,8,1
93,9,0
93,10,0
93,11,7
93,12,1
93,13,0
93,14,0
93,15,1
93,16,0
93,17,0
93,18,0
93,19,3
93,20,0
93,21,2
93,22,2
93,23,0
93,24,1
93,25,0
93,26,0
93,27,0
93,28,3
93,29,0
93,30,0
93,31,4
93,32,1
93,33,0
93,34,0
93,35,1
93,36,1
93,37,0
93,38,0
93,39,0
93,40,0
93,41,2
93,42,1
93,43,0
93,44,4
93,45,6
93,46,0
93,47,1
93,48,2
93,49,1
94,0,0
94,1,2
94,2,1
94,3,0
94,4,0
94,5,0
94,6,0
94,7,1
94,8,1
94,9,0
94,10,0
94,11,7
94,12,0
94,13,0
94,14,0
94,15,0
94,16,1
94,17,0
94,18,0
94,19,2
94,20,0
94,21,2
94,22,2
94,23,0
94,24,2
94,25,0
94,26,0
94,27,0
94,28,3
94,29,0
94,30,0
94,31,5
94,32,1
94,33,0
94,34,0
94,35,1
94,36,1
94,37,0
94,38,0
94,39,0
94,40,0
94,41,2
94,42,1
94,43,0
94,44,4
94,45,6
94,46,0
94,47,1
94,48,2
94,49,2
95,0,1
95,1,1
95,2,1
95,3,0
95,4,0
95,5,0
95,6,0
95,7,1
95,8,0
95,9,0
95,10,0
95,11,7
95,12,1
95,13,1
95,14,0
95,15,0
95,16,1
95,17,0
95,18,0
95,19,2
95,20,0
95,21,2
95,22,2
95,23,0
95,24,2
95,25,0
95,26,0
95,27,0
95,28,2
95,29,0
95,30,0
95,31,4
95,32,1
95,33,0
95,34,1
95,35,0
95,36,1
95,37,0
95,38,0
95,39,0
95,40,0
95,41,1
95,42,1
95,43,1
95,44,4
95,45,6
95,46,0
95,47,2
95,48,2
95,49,2
96,0,1
96,1,1
96,2,1
96,3,0
96,4,0
96,5,0
96,6,0
96,7,0
96,8,0
96,9,0
96,10,1
96,11,7
96,12,0
96,13,0
96,14,0
96,15,0
96,16,1
96,17,0
96,18,0
96,19,2
96,20,0
96,21,2
96,22,2
96,23,0
96,24,2
96,25,0
96,26,0
96,27,0
96,28,2
96,29,0
96,30,0
96,31,5
96,32,0
96,33,0
96,34,1
96,35,0
96,36,2
96,37,0
96,38,0
96,39,0
96,40,0
96,41,1
96,42,1
96,43,1
96,44,4
96,45,6
96,46,0
96,47,3
96,48,2
96,49,2
97,0,0
97,1,1
97,2,0
97,3,0
97,4,0
97,5,0
97,6,0
97,7,0
97,8,0
97,9,0
97,10,1
97,11,7
97,12,0
97,13,0
97,14,0
97,15,0
97,16,1
97,17,0
97,18,0
97,19,2
97,20,0
97,21,2
97,22,2
97,23,0
97,24,2
97,25,0
97,26,0
97,27,0
97,28,2
97,29,0
97,30,0
97,31,5
97,32,0
97,33,0
97,34,2
97,35,0
97,36,2
97,37,0
97,38,0
97,39,0
97,40,0
97,41,1
97,42,1
97,43,1
97,44,4
97,45,6
97,46,1
97,47,3
97,48,2
97,49,2
98,0,0
98,1,1
98,2,0
98,3,0
98,4,0
98,5,0
98,6,0
98,7,0
98,8,0
98,9,0
98,10,1
98,11,7
98,12,0
98,13,0
98,14,0
98,15,1
98,16,0
98,17,0
98,18,0
98,19,2
98,20,0
98,21,2
98,22,2
98,23,0
98,24,2
98,25,0
98,26,0
98,27,0
98,28,2
98,29,0
98,30,0
98,31,6
98,32,0
98,33,0
98,34,1
98,35,0
98,36,1
98,37,0
98,38,1
98,39,1
98,40,0
98,41,1
98,42,1
98,43,1
98,44,4
98,45,6
98,46,0
98,47,3
98,48,2
98,49,2
99,0,0
99,1,0
99,2,0
99,3,0
99,4,1
99,5,0
99,6,0
99,7,0
99,8,0
99,9,0
99,10,0
99,11,6
99,12,0
99,13,1
99,14,0
99,15,1
99,16,0
99,17,0
99,18,0
99,19,2
99,20,0
99,21,2
99,22,2
99,23,0
99,24,1
99,25,0
99,26,0
99,27,0
99,28,3
99,29,0
99,30,0
99,31,6
99,32,1
99,33,0
99,34,1
99,35,0
99,36,2
99,37,0
99,38,1
99,39,1
99,40,0
99,41,0
99,42,1
99,43,1
99,44,4
99,45,6
99,46,0
99,47,3
99,48,2
99,49,2
